{"validation_loss": 3.690610647201538, "bleu": 10.93845599644023}