{"validation_loss": 4.010385513305664, "bleu": 9.402795416820478}