{"validation_loss": 3.2473032474517822, "bleu": 13.602364908672278}