{"validation_loss": 2.6708576679229736, "bleu": 18.627817812559073}