{"validation_loss": 2.9286446571350098, "bleu": 16.394867519480236}