{"validation_loss": 2.5851330757141113, "bleu": 20.450204512337855}