{"validation_loss": 4.481141090393066, "bleu": 8.196711944573142}