{"validation_loss": 3.4490694999694824, "bleu": 11.786109806046793}