{"validation_loss": 2.6216185092926025, "bleu": 19.27777732551976}