{"validation_loss": 2.8192522525787354, "bleu": 17.594008736657514}