{"validation_loss": 2.741424560546875, "bleu": 18.554142106668262}