{"validation_loss": 3.0653650760650635, "bleu": 15.228537906324881}